0.000000000000000000e+00,1.505920169511297362e-02,0.000000000000000000e+00
0.000000000000000000e+00,9.411099224039765282e-05,0.000000000000000000e+00
0.000000000000000000e+00,3.098460277068717291e-03,0.000000000000000000e+00
0.000000000000000000e+00,5.090622199934761311e-02,0.000000000000000000e+00
0.000000000000000000e+00,6.097687777757671707e-03,0.000000000000000000e+00
0.000000000000000000e+00,1.778262693985985070e-03,0.000000000000000000e+00
0.000000000000000000e+00,1.449528058571516835e-03,0.000000000000000000e+00
0.000000000000000000e+00,2.302271552958824394e-04,0.000000000000000000e+00
0.000000000000000000e+00,4.022722449170484937e-03,0.000000000000000000e+00
0.000000000000000000e+00,2.165974699600511401e-03,0.000000000000000000e+00
0.000000000000000000e+00,1.164817665595017969e-03,0.000000000000000000e+00
0.000000000000000000e+00,3.116667127263174006e-03,0.000000000000000000e+00
0.000000000000000000e+00,1.893690022664535136e-03,0.000000000000000000e+00
0.000000000000000000e+00,5.695129581956122344e-03,0.000000000000000000e+00
0.000000000000000000e+00,7.378520896448372305e-04,0.000000000000000000e+00
0.000000000000000000e+00,1.918277158151078521e-03,0.000000000000000000e+00
0.000000000000000000e+00,9.893535383055275176e-03,0.000000000000000000e+00
0.000000000000000000e+00,1.271693180513207636e-02,0.000000000000000000e+00
0.000000000000000000e+00,2.119748376283129947e-03,0.000000000000000000e+00
0.000000000000000000e+00,1.411382141603141627e-03,0.000000000000000000e+00
0.000000000000000000e+00,5.450860128263322786e-03,0.000000000000000000e+00
0.000000000000000000e+00,8.316263293879190902e-03,0.000000000000000000e+00
0.000000000000000000e+00,2.259513195001850924e-02,0.000000000000000000e+00
0.000000000000000000e+00,2.170212757697942505e-03,0.000000000000000000e+00
0.000000000000000000e+00,6.424870296221901235e-03,0.000000000000000000e+00
0.000000000000000000e+00,1.678917989770082556e-03,0.000000000000000000e+00
0.000000000000000000e+00,1.536800541234884833e-02,0.000000000000000000e+00
0.000000000000000000e+00,2.109986557064746655e-03,0.000000000000000000e+00
0.000000000000000000e+00,1.893784100423818659e-02,0.000000000000000000e+00
0.000000000000000000e+00,1.768491025808877071e-02,0.000000000000000000e+00
0.000000000000000000e+00,5.078643958444141199e-04,0.000000000000000000e+00
0.000000000000000000e+00,1.742771910738704234e-03,0.000000000000000000e+00
0.000000000000000000e+00,2.098077251974919937e-03,0.000000000000000000e+00
0.000000000000000000e+00,5.990250587924877967e-04,0.000000000000000000e+00
0.000000000000000000e+00,6.115650772612031029e-03,0.000000000000000000e+00
0.000000000000000000e+00,3.737845329114914089e-04,0.000000000000000000e+00
0.000000000000000000e+00,5.199085273931438288e-03,0.000000000000000000e+00
0.000000000000000000e+00,5.801497051427609861e-04,0.000000000000000000e+00
0.000000000000000000e+00,4.764152545903001419e-03,0.000000000000000000e+00
0.000000000000000000e+00,1.153495627875746228e-03,0.000000000000000000e+00
0.000000000000000000e+00,7.056475641239117781e-03,0.000000000000000000e+00
0.000000000000000000e+00,5.331611332476227745e-04,0.000000000000000000e+00
0.000000000000000000e+00,9.455168090935665154e-03,0.000000000000000000e+00
0.000000000000000000e+00,1.053878079778762175e-02,0.000000000000000000e+00
0.000000000000000000e+00,2.374337890713431199e-03,0.000000000000000000e+00
0.000000000000000000e+00,1.663182839440970973e-03,0.000000000000000000e+00
0.000000000000000000e+00,1.415199477329833226e-03,0.000000000000000000e+00
0.000000000000000000e+00,1.341812854138140984e-02,0.000000000000000000e+00
0.000000000000000000e+00,5.529519625027484730e-03,0.000000000000000000e+00
0.000000000000000000e+00,2.961436980209634830e-03,0.000000000000000000e+00
0.000000000000000000e+00,7.161834276911565461e-03,0.000000000000000000e+00
0.000000000000000000e+00,1.280041294945966947e-02,0.000000000000000000e+00
0.000000000000000000e+00,1.212021277628756114e-03,0.000000000000000000e+00
0.000000000000000000e+00,1.337378425693778496e-02,0.000000000000000000e+00
0.000000000000000000e+00,4.589471761725475579e-03,0.000000000000000000e+00
0.000000000000000000e+00,4.954146392608302081e-05,0.000000000000000000e+00
0.000000000000000000e+00,6.481725788795090690e-03,0.000000000000000000e+00
0.000000000000000000e+00,8.379414737253395445e-03,0.000000000000000000e+00
0.000000000000000000e+00,1.072849507934440019e-04,0.000000000000000000e+00
0.000000000000000000e+00,7.555901069915572747e-03,0.000000000000000000e+00
0.000000000000000000e+00,1.226419578737064262e-04,0.000000000000000000e+00
0.000000000000000000e+00,5.675910821316309390e-03,0.000000000000000000e+00
0.000000000000000000e+00,5.317468292774598509e-03,0.000000000000000000e+00
0.000000000000000000e+00,8.260220889922689769e-03,0.000000000000000000e+00
0.000000000000000000e+00,8.801661888245197567e-04,0.000000000000000000e+00
0.000000000000000000e+00,9.883096850631161931e-04,0.000000000000000000e+00
0.000000000000000000e+00,1.225772486921002102e-02,0.000000000000000000e+00
0.000000000000000000e+00,3.257465329976102619e-04,0.000000000000000000e+00
0.000000000000000000e+00,2.663068474626118301e-02,0.000000000000000000e+00
0.000000000000000000e+00,6.352602035773893992e-03,0.000000000000000000e+00
0.000000000000000000e+00,9.807835206117535357e-03,0.000000000000000000e+00
0.000000000000000000e+00,2.795073428418908684e-02,0.000000000000000000e+00
0.000000000000000000e+00,8.221009086871448879e-03,0.000000000000000000e+00
0.000000000000000000e+00,7.122321271762010499e-03,0.000000000000000000e+00
0.000000000000000000e+00,1.096048974990203838e-02,0.000000000000000000e+00
0.000000000000000000e+00,2.289694362927484610e-03,0.000000000000000000e+00
0.000000000000000000e+00,8.344788253016287294e-03,0.000000000000000000e+00
0.000000000000000000e+00,7.176593172441006127e-03,0.000000000000000000e+00
0.000000000000000000e+00,1.328368374595446239e-02,0.000000000000000000e+00
0.000000000000000000e+00,8.029804286129938948e-03,0.000000000000000000e+00
0.000000000000000000e+00,9.989450509537894929e-03,0.000000000000000000e+00
0.000000000000000000e+00,2.363157702634135007e-02,0.000000000000000000e+00
0.000000000000000000e+00,1.689777808876148733e-03,0.000000000000000000e+00
0.000000000000000000e+00,9.338263237923288135e-03,0.000000000000000000e+00
0.000000000000000000e+00,4.253799158652166006e-04,0.000000000000000000e+00
0.000000000000000000e+00,5.588625616772212139e-03,0.000000000000000000e+00
0.000000000000000000e+00,1.599579409087694207e-02,0.000000000000000000e+00
0.000000000000000000e+00,4.854760681628753072e-03,0.000000000000000000e+00
0.000000000000000000e+00,7.791940274133757761e-05,0.000000000000000000e+00
0.000000000000000000e+00,1.002252026709897232e-03,0.000000000000000000e+00
0.000000000000000000e+00,1.596820938302057416e-02,0.000000000000000000e+00
