1.204227478235298313e-02,1.203989558429143653e-02,2.543125539203362762e-04
1.081499628173103365e-05,1.027171789857752969e-05,1.484989763640634988e-05
2.130399024652622660e-03,2.103688802074085793e-03,1.162845013560901341e-04
4.183721790484692254e-02,4.196219518662987896e-02,2.137559485544746475e-04
3.407006905650356108e-03,3.442264475094196190e-03,5.707005513623628241e-04
1.019020999850522293e-03,1.036996150875410787e-03,1.361058435371939785e-04
4.228106862710976472e-04,5.014319132342891791e-04,1.750167826702688249e-04
1.460966248950995247e-04,1.402308427010792507e-04,3.138313858050125550e-05
2.888953386551471048e-03,2.950448593935280778e-03,1.439486726924696510e-04
1.769346160585152201e-04,1.940422286282631414e-04,2.314970866021752699e-04
7.841532338995030630e-04,7.864375671440917460e-04,7.540566798502231741e-05
2.127418184872475679e-03,2.155932522652991793e-03,1.598839019128551239e-04
3.813311825217722173e-04,3.435599145509920203e-04,2.411759273965247217e-04
2.844791331969026213e-03,2.909750157435854728e-03,4.199923615832106384e-04
2.948351892665089513e-04,2.936262859292467073e-04,9.773438081391849492e-05
1.067066547723592588e-03,1.033192373878804053e-03,1.832634699073786846e-04
8.043420753101621773e-03,8.064743458448741728e-03,1.064285402948336176e-04
1.028516396323901454e-02,1.027517223048845206e-02,1.527656329818073960e-04
1.085782680529664718e-03,1.119797683507561380e-03,1.576751589211738524e-04
7.368896009472776292e-04,7.557874761027291331e-04,1.025472456119936264e-04
3.157093183478426168e-03,3.256164696470335157e-03,2.700218221071596465e-04
5.839743995465068553e-03,5.890419008113962664e-03,2.535228574101149697e-04
1.860093556284464489e-02,1.870205529309817288e-02,1.360663078525854459e-04
1.715737808915729053e-03,1.735568172032126008e-03,3.714277010625236598e-05
5.083001060078370416e-03,5.131494212938890812e-03,1.555256769993566119e-04
4.312723241159621647e-04,4.117760941699711739e-04,2.439823499385950379e-04
1.218459155676105028e-02,1.225296518682528549e-02,1.896343392544235114e-04
9.297540107110506200e-04,9.159718995709358784e-04,2.248486926694910593e-04
1.504192182119615945e-02,1.507606206803348628e-02,2.595130821441470146e-04
1.450698619839823136e-02,1.453332601603761313e-02,9.339295915411925035e-05
4.243337107970630856e-05,3.574569689454530348e-05,4.160521694633838844e-05
2.402611908571403632e-04,2.142774688008806244e-04,2.138358224008952426e-04
1.164597721971971861e-03,1.245399966397816053e-03,1.642518377343708835e-04
8.996295008274163654e-05,5.595367885878203194e-05,6.881207678902148933e-05
4.637456166185393441e-03,4.633332618082584668e-03,2.448236243697872331e-04
1.631171925321120019e-04,1.856631313967273755e-04,4.596240332106229614e-05
3.861397027410869934e-03,3.857665410905845513e-03,2.412327860537993049e-04
2.526247593799312366e-04,2.528878751177451216e-04,6.160668267597128758e-05
2.414823655672918273e-03,2.456955622148785864e-03,4.907211205615736975e-04
7.928631505466490282e-04,8.151582864158288429e-04,5.334564613565012301e-05
5.434056243283441612e-03,5.485694928071664818e-03,1.674250497646340000e-04
1.442212857111737278e-04,1.654960616599751425e-04,7.861425307718894213e-05
7.538741708562296355e-03,7.566779038326291833e-03,1.419674923673039694e-04
7.869511344591462176e-03,7.940078711959579552e-03,3.730957038315199669e-04
1.082119353608936713e-03,1.108061859002485491e-03,2.901216775624488654e-04
7.041176995931130219e-04,7.444855124592663449e-04,1.798365991931422103e-04
1.053782107880267722e-03,1.094414337331661453e-03,6.287525302245374804e-05
1.029778906946696507e-02,1.028438113045003315e-02,4.633524145987123950e-04
4.226876787792990635e-03,4.239026795721250948e-03,1.799747841395772532e-04
2.340245726469309100e-03,2.342110000322862942e-03,8.851780321221931714e-05
5.756587138955426668e-03,5.807300644902609228e-03,1.470670752800673563e-04
1.040550469376769031e-02,1.041351565704451247e-02,1.357200935543633477e-04
8.214688640320121733e-04,8.185749025386914336e-04,5.884167565993007198e-05
1.048901118270535726e-02,1.048673665794654965e-02,1.798444958555943450e-04
3.275764802149684369e-03,3.270244230802661113e-03,2.119705526753381847e-04
8.313868825456801506e-06,1.133816049793634779e-05,1.076973807059500234e-05
4.786983354911347570e-03,4.780568911824286012e-03,1.593085989084124334e-04
6.191662951364968262e-03,6.218145278363389206e-03,2.336341211100366650e-04
2.253897513663190026e-05,2.670712330059746474e-05,3.835754432376526621e-05
5.028434284147489421e-03,5.072598596669178686e-03,2.689160419451592176e-04
1.456433407950644619e-05,1.876495911303628449e-05,2.352772775456844778e-05
2.792252766092049449e-03,2.824374125102512706e-03,4.313159959422317746e-04
3.156761362191893780e-03,3.146821260950534785e-03,3.418270689394304501e-04
6.403581415951266689e-03,6.481505976047428896e-03,1.507290738339177663e-04
3.442461064529024660e-04,3.224134606313716058e-04,6.973084431838691866e-05
6.726138044840817469e-04,6.781557768140091154e-04,7.962474630473504714e-05
9.787079324017303184e-03,9.825286460940321417e-03,1.874094882667730225e-04
9.020134831996415249e-05,1.070630264104075266e-04,5.028210850612906688e-05
2.099339445590537104e-02,2.111888325975745315e-02,7.068179614606694269e-04
4.735585903520574819e-03,4.755233023011551201e-03,1.714295597900022364e-04
7.097717090906448083e-03,7.076325219927447410e-03,2.964187991000126216e-04
2.258283496436291199e-02,2.274754561907702324e-02,4.850866323979625798e-04
6.053062100926358963e-03,6.095072743118889330e-03,3.657274910246897568e-04
5.407208912782577107e-03,5.443989362312862644e-03,1.426910590776323191e-04
7.808573987123835873e-03,7.849149744056061265e-03,3.812525017074308098e-04
1.339591005635198690e-03,1.284117826237723839e-03,2.068690884021614465e-04
6.778154260458206862e-03,6.771169659782521645e-03,1.137300770365989259e-04
4.749421648564460148e-03,4.858497480733411228e-03,2.927143682976710774e-04
9.760584709052772326e-03,9.816616588439127516e-03,4.369312156738973016e-04
6.200894385530161812e-03,6.181307711806438912e-03,1.988363491408731460e-04
8.075593949621834994e-03,8.081166428377426283e-03,2.234915058804078005e-04
1.925860036381972853e-02,1.932032518910094254e-02,3.745018909131926231e-04
1.256553371053570995e-03,1.254992936722488768e-03,5.319925906280376462e-05
7.380032959821602317e-03,7.396501234932315559e-03,2.042977566306315609e-04
1.024489475974829899e-04,8.295912956688330782e-05,5.683921761727650989e-05
4.257997825867960301e-03,4.230377803627155715e-03,2.363466926875349794e-04
1.279079574036110986e-02,1.279275604624107582e-02,3.343610110429258843e-04
3.305986876640716089e-03,3.341260556238772900e-03,1.971205078261001103e-04
7.830103066768188269e-06,1.160557222754183644e-05,1.028018972547114106e-05
5.367843714913784602e-04,5.665923851827799713e-04,1.053124980523349128e-04
1.267197858065368873e-02,1.279380800487648663e-02,3.682417689719032976e-04
